,Product,Price,Ratings,Warranty,No of Ratings,No of Reviews,Features
0,"APPLE iPhone 11 (Green, 64 GB)","₹49,900",4.6,Brand Warranty of 1 Year,"78,345"," 5,902","64 GB ROM,15.49 cm (6.1 inch) Liquid Retina HD Display,12MP + 12MP | 12MP Front Camera"
1,"APPLE iPhone 11 (White, 64 GB)","₹49,900",4.6,Brand Warranty of 1 Year,"78,345"," 5,902","64 GB ROM,15.49 cm (6.1 inch) Liquid Retina HD Display,12MP + 12MP | 12MP Front Camera"
2,"APPLE iPhone 11 (Purple, 64 GB)","₹49,900",4.6,Brand Warranty of 1 Year,"78,345"," 5,902","64 GB ROM,15.49 cm (6.1 inch) Liquid Retina HD Display,12MP + 12MP | 12MP Front Camera"
3,"APPLE iPhone 11 (White, 128 GB)","₹54,900",4.6,Brand Warranty of 1 Year,"78,345"," 5,902","128 GB ROM,15.49 cm (6.1 inch) Liquid Retina HD Display,12MP + 12MP | 12MP Front Camera"
4,"APPLE iPhone 11 (Green, 128 GB)","₹54,900",4.6,Brand Warranty of 1 Year,"78,345"," 5,902","128 GB ROM,15.49 cm (6.1 inch) Liquid Retina HD Display,12MP + 12MP | 12MP Front Camera"
5,"APPLE iPhone 11 (Black, 128 GB)","₹54,900",4.6,Brand Warranty of 1 Year,"78,345"," 5,902","128 GB ROM,15.49 cm (6.1 inch) Liquid Retina HD Display,12MP + 12MP | 12MP Front Camera"
6,"APPLE iPhone 11 (Red, 128 GB)","₹54,900",4.6,Brand Warranty of 1 Year,"78,345"," 5,902","128 GB ROM,15.49 cm (6.1 inch) Liquid Retina HD Display,12MP + 12MP | 12MP Front Camera"
7,"APPLE iPhone 11 (Black, 64 GB)","₹49,900",4.6,Brand Warranty of 1 Year,"78,345"," 5,902","64 GB ROM,15.49 cm (6.1 inch) Liquid Retina HD Display,12MP + 12MP | 12MP Front Camera"
8,"APPLE iPhone 11 (Red, 64 GB)","₹49,900",4.6,Brand Warranty of 1 Year,"78,345"," 5,902","64 GB ROM,15.49 cm (6.1 inch) Liquid Retina HD Display,12MP + 12MP | 12MP Front Camera"
9,"APPLE iPhone 11 (Purple, 128 GB)","₹54,900",4.6,Brand Warranty of 1 Year,"78,345"," 5,902","128 GB ROM,15.49 cm (6.1 inch) Liquid Retina HD Display,12MP + 12MP | 12MP Front Camera"
10,"Apple iPhone 11 (White, 64 GB) (Includes EarPods, Power Adapter)","₹49,900",4.6,Brand Warranty for 1 Year,"78,345"," 5,902","64 GB ROM,15.49 cm (6.1 inch) Liquid Retina HD Display,12MP + 12MP | 12MP Front Camera"
11,"APPLE iPhone 11 (Purple, 256 GB)","₹64,900",4.6,Brand Warranty of 1 Year,"78,345"," 5,902","256 GB ROM,15.49 cm (6.1 inch) Liquid Retina HD Display,12MP + 12MP | 12MP Front Camera"
12,"Apple iPhone 11 (Black, 128 GB) (Includes EarPods, Power Adapter)","₹54,900",4.6,Brand Warranty for 1 Year,"78,345"," 5,902","128 GB ROM,15.49 cm (6.1 inch) Liquid Retina HD Display,12MP + 12MP | 12MP Front Camera"
13,"Apple iPhone 11 (Green, 256 GB) (Includes EarPods, Power Adapter)","₹64,900",4.6,Brand Warranty for 1 Year,"78,345"," 5,902","256 GB ROM,15.49 cm (6.1 inch) Liquid Retina HD Display,12MP + 12MP | 12MP Front Camera"
14,"APPLE iPhone 11 (Yellow, 128 GB)","₹54,900",4.6,Brand Warranty of 1 Year,"78,345"," 5,902","128 GB ROM,15.49 cm (6.1 inch) Liquid Retina HD Display,12MP + 12MP | 12MP Front Camera"
15,"Apple iPhone 11 (Yellow, 64 GB) (Includes EarPods, Power Adapter)","₹49,900",4.6,Brand Warranty for 1 Year,"78,345"," 5,902","64 GB ROM,15.49 cm (6.1 inch) Liquid Retina HD Display,12MP + 12MP | 12MP Front Camera"
16,"Apple iPhone 11 (Green, 64 GB) (Includes EarPods, Power Adapter)","₹49,900",4.6,Brand Warranty for 1 Year,"78,345"," 5,902","64 GB ROM,15.49 cm (6.1 inch) Liquid Retina HD Display,12MP + 12MP | 12MP Front Camera"
17,"Apple iPhone 11 (White, 128 GB) (Includes EarPods, Power Adapter)","₹54,900",4.6,Brand Warranty for 1 Year,"78,345"," 5,902","128 GB ROM,15.49 cm (6.1 inch) Liquid Retina HD Display,12MP + 12MP | 12MP Front Camera"
18,"Apple iPhone 11 (Green, 128 GB) (Includes EarPods, Power Adapter)","₹54,900",4.6,Brand Warranty for 1 Year,"78,345"," 5,902","128 GB ROM,15.49 cm (6.1 inch) Liquid Retina HD Display,12MP + 12MP | 12MP Front Camera"
19,"Apple iPhone 11 (Red, 128 GB) (Includes EarPods, Power Adapter)","₹54,900",4.6,Brand Warranty for 1 Year,"78,345"," 5,902","128 GB ROM,15.49 cm (6.1 inch) Liquid Retina HD Display,12MP + 12MP | 12MP Front Camera"
20,"Apple iPhone 11 (Black, 256 GB) (Includes EarPods, Power Adapter)","₹64,900",4.6,Brand Warranty for 1 Year,"78,345"," 5,902","256 GB ROM,15.49 cm (6.1 inch) Liquid Retina HD Display,12MP + 12MP | 12MP Front Camera"
21,"Apple iPhone 11 (Purple, 128 GB) (Includes EarPods, Power Adapter)","₹54,900",4.6,Brand Warranty for 1 Year,"78,345"," 5,902","128 GB ROM,15.49 cm (6.1 inch) Liquid Retina HD Display,12MP + 12MP | 12MP Front Camera"
22,"APPLE iPhone 11 (Green, 256 GB)","₹64,900",4.6,Brand Warranty of 1 Year,"78,345"," 5,902","256 GB ROM,15.49 cm (6.1 inch) Liquid Retina HD Display,12MP + 12MP | 12MP Front Camera"
23,"APPLE iPhone 11 (Yellow, 64 GB)","₹49,900",4.6,Brand Warranty of 1 Year,"78,345"," 5,902","64 GB ROM,15.49 cm (6.1 inch) Liquid Retina HD Display,12MP + 12MP | 12MP Front Camera"
24,"APPLE iPhone 11 (Green, 64 GB)","₹49,900",4.6,Brand Warranty of 1 Year,"78,345"," 5,902","64 GB ROM,15.49 cm (6.1 inch) Liquid Retina HD Display,12MP + 12MP | 12MP Front Camera"
25,"APPLE iPhone 11 (White, 64 GB)","₹49,900",4.6,Brand Warranty of 1 Year,"78,345"," 5,902","64 GB ROM,15.49 cm (6.1 inch) Liquid Retina HD Display,12MP + 12MP | 12MP Front Camera"
26,"APPLE iPhone 11 (White, 128 GB)","₹54,900",4.6,Brand Warranty of 1 Year,"78,345"," 5,902","128 GB ROM,15.49 cm (6.1 inch) Liquid Retina HD Display,12MP + 12MP | 12MP Front Camera"
27,"APPLE iPhone 11 (Purple, 64 GB)","₹49,900",4.6,Brand Warranty of 1 Year,"78,345"," 5,902","64 GB ROM,15.49 cm (6.1 inch) Liquid Retina HD Display,12MP + 12MP | 12MP Front Camera"
28,"APPLE iPhone 11 (Green, 128 GB)","₹54,900",4.6,Brand Warranty of 1 Year,"78,345"," 5,902","128 GB ROM,15.49 cm (6.1 inch) Liquid Retina HD Display,12MP + 12MP | 12MP Front Camera"
29,"APPLE iPhone 11 (Black, 128 GB)","₹54,900",4.6,Brand Warranty of 1 Year,"78,345"," 5,902","128 GB ROM,15.49 cm (6.1 inch) Liquid Retina HD Display,12MP + 12MP | 12MP Front Camera"
30,"APPLE iPhone 11 (Red, 128 GB)","₹54,900",4.6,Brand Warranty of 1 Year,"78,345"," 5,902","128 GB ROM,15.49 cm (6.1 inch) Liquid Retina HD Display,12MP + 12MP | 12MP Front Camera"
31,"APPLE iPhone 11 (Black, 64 GB)","₹49,900",4.6,Brand Warranty of 1 Year,"78,345"," 5,902","64 GB ROM,15.49 cm (6.1 inch) Liquid Retina HD Display,12MP + 12MP | 12MP Front Camera"
32,"APPLE iPhone 11 (Red, 64 GB)","₹49,900",4.6,Brand Warranty of 1 Year,"78,345"," 5,902","64 GB ROM,15.49 cm (6.1 inch) Liquid Retina HD Display,12MP + 12MP | 12MP Front Camera"
33,"APPLE iPhone 11 (Purple, 128 GB)","₹54,900",4.6,Brand Warranty of 1 Year,"78,345"," 5,902","128 GB ROM,15.49 cm (6.1 inch) Liquid Retina HD Display,12MP + 12MP | 12MP Front Camera"
34,"Apple iPhone 11 (White, 64 GB) (Includes EarPods, Power Adapter)","₹49,900",4.6,Brand Warranty for 1 Year,"78,345"," 5,902","64 GB ROM,15.49 cm (6.1 inch) Liquid Retina HD Display,12MP + 12MP | 12MP Front Camera"
35,"APPLE iPhone 11 (Purple, 256 GB)","₹64,900",4.6,Brand Warranty of 1 Year,"78,345"," 5,902","256 GB ROM,15.49 cm (6.1 inch) Liquid Retina HD Display,12MP + 12MP | 12MP Front Camera"
36,"Apple iPhone 11 (Black, 128 GB) (Includes EarPods, Power Adapter)","₹54,900",4.6,Brand Warranty for 1 Year,"78,345"," 5,902","128 GB ROM,15.49 cm (6.1 inch) Liquid Retina HD Display,12MP + 12MP | 12MP Front Camera"
37,"Apple iPhone 11 (Green, 256 GB) (Includes EarPods, Power Adapter)","₹64,900",4.6,Brand Warranty for 1 Year,"78,345"," 5,902","256 GB ROM,15.49 cm (6.1 inch) Liquid Retina HD Display,12MP + 12MP | 12MP Front Camera"
38,"APPLE iPhone 11 (Yellow, 128 GB)","₹54,900",4.6,Brand Warranty of 1 Year,"78,345"," 5,902","128 GB ROM,15.49 cm (6.1 inch) Liquid Retina HD Display,12MP + 12MP | 12MP Front Camera"
39,"Apple iPhone 11 (Yellow, 64 GB) (Includes EarPods, Power Adapter)","₹49,900",4.6,Brand Warranty for 1 Year,"78,345"," 5,902","64 GB ROM,15.49 cm (6.1 inch) Liquid Retina HD Display,12MP + 12MP | 12MP Front Camera"
40,"Apple iPhone 11 (Green, 64 GB) (Includes EarPods, Power Adapter)","₹49,900",4.6,Brand Warranty for 1 Year,"78,345"," 5,902","64 GB ROM,15.49 cm (6.1 inch) Liquid Retina HD Display,12MP + 12MP | 12MP Front Camera"
41,"Apple iPhone 11 (White, 128 GB) (Includes EarPods, Power Adapter)","₹54,900",4.6,Brand Warranty for 1 Year,"78,345"," 5,902","128 GB ROM,15.49 cm (6.1 inch) Liquid Retina HD Display,12MP + 12MP | 12MP Front Camera"
42,"Apple iPhone 11 (Green, 128 GB) (Includes EarPods, Power Adapter)","₹54,900",4.6,Brand Warranty for 1 Year,"78,345"," 5,902","128 GB ROM,15.49 cm (6.1 inch) Liquid Retina HD Display,12MP + 12MP | 12MP Front Camera"
43,"Apple iPhone 11 (Red, 128 GB) (Includes EarPods, Power Adapter)","₹54,900",4.6,Brand Warranty for 1 Year,"78,345"," 5,902","128 GB ROM,15.49 cm (6.1 inch) Liquid Retina HD Display,12MP + 12MP | 12MP Front Camera"
44,"Apple iPhone 11 (Black, 256 GB) (Includes EarPods, Power Adapter)","₹64,900",4.6,Brand Warranty for 1 Year,"78,345"," 5,902","256 GB ROM,15.49 cm (6.1 inch) Liquid Retina HD Display,12MP + 12MP | 12MP Front Camera"
45,"Apple iPhone 11 (Purple, 128 GB) (Includes EarPods, Power Adapter)","₹54,900",4.6,Brand Warranty for 1 Year,"78,345"," 5,902","128 GB ROM,15.49 cm (6.1 inch) Liquid Retina HD Display,12MP + 12MP | 12MP Front Camera"
46,"APPLE iPhone 11 (Green, 256 GB)","₹64,900",4.6,Brand Warranty of 1 Year,"78,345"," 5,902","256 GB ROM,15.49 cm (6.1 inch) Liquid Retina HD Display,12MP + 12MP | 12MP Front Camera"
47,"APPLE iPhone 11 (Yellow, 64 GB)","₹49,900",4.6,Brand Warranty of 1 Year,"78,345"," 5,902","64 GB ROM,15.49 cm (6.1 inch) Liquid Retina HD Display,12MP + 12MP | 12MP Front Camera"
